{
  "accuracy": [
    0.11758584529161453,
    0.21540062129497528,
    0.2591050863265991,
    0.3007284104824066,
    0.32570239901542664,
    0.4557752311229706,
    0.49531736969947815,
    0.5275754332542419,
    0.5837669372558594,
    0.639958381652832,
    0.664932370185852,
    0.6597294211387634,
    0.7346513867378235,
    0.6940686702728271,
    0.7856399416923523,
    0.7866805195808411,
    0.8189386129379272,
    0.8563995957374573,
    0.865764856338501,
    0.8668054342269897
  ],
  "val_accuracy": [
    0.1893203854560852,
    0.22815534472465515,
    0.291262149810791,
    0.3106796145439148,
    0.38349515199661255,
    0.5048543810844421,
    0.46116504073143005,
    0.4902912676334381,
    0.5728155374526978,
    0.5679611563682556,
    0.6407766938209534,
    0.6310679316520691,
    0.5873786211013794,
    0.6310679316520691,
    0.655339777469635,
    0.6165048480033875,
    0.708737850189209,
    0.5679611563682556,
    0.6407766938209534,
    0.6941747665405273
  ],
  "loss": [
    2.2801218032836914,
    2.1038124561309814,
    2.049945831298828,
    1.9090077877044678,
    1.841413140296936,
    1.5419812202453613,
    1.4297800064086914,
    1.3116382360458374,
    1.1799415349960327,
    1.036447525024414,
    0.9462056159973145,
    1.019289493560791,
    0.7583168148994446,
    0.859107255935669,
    0.5982988476753235,
    0.5610294938087463,
    0.5197346806526184,
    0.4116118550300598,
    0.4454859495162964,
    0.38036462664604187
  ],
  "val_loss": [
    2.143650531768799,
    1.9937483072280884,
    1.8859477043151855,
    1.8949060440063477,
    1.6165177822113037,
    1.4439045190811157,
    1.5615824460983276,
    1.5744891166687012,
    1.367679238319397,
    1.4493159055709839,
    1.3087831735610962,
    1.2664949893951416,
    1.4159600734710693,
    1.313752293586731,
    1.2435834407806396,
    1.5203229188919067,
    1.3123085498809814,
    1.8062682151794434,
    1.5075879096984863,
    1.491809606552124
  ],
  "epochs_trained": 20,
  "best_val_accuracy": 0.708737850189209,
  "best_epoch": 17
}