{
  "accuracy": [
    0.09846153855323792,
    0.1374358981847763,
    0.20615383982658386,
    0.29025641083717346,
    0.3641025722026825,
    0.401025652885437,
    0.42461538314819336,
    0.528205156326294,
    0.5928205251693726,
    0.6471794843673706,
    0.6769230961799622,
    0.7220512628555298,
    0.7712820768356323,
    0.7435897588729858,
    0.7497435808181763,
    0.8164102435112,
    0.834871768951416,
    0.8687179684638977,
    0.8912820219993591,
    0.9179487228393555,
    0.9487179517745972,
    0.9343589544296265,
    0.9528205394744873,
    0.9610256552696228,
    0.9712820649147034
  ],
  "val_accuracy": [
    0.10476190596818924,
    0.17142857611179352,
    0.3095238208770752,
    0.37142857909202576,
    0.3285714387893677,
    0.34761905670166016,
    0.4333333373069763,
    0.4952380955219269,
    0.6285714507102966,
    0.5809524059295654,
    0.6904761791229248,
    0.7190476059913635,
    0.6190476417541504,
    0.6666666865348816,
    0.6809523701667786,
    0.7571428418159485,
    0.7190476059913635,
    0.723809540271759,
    0.776190459728241,
    0.7809523940086365,
    0.7952380776405334,
    0.8190476298332214,
    0.8095238208770752,
    0.8190476298332214,
    0.8238095045089722
  ],
  "loss": [
    2.32511830329895,
    2.2854251861572266,
    2.1390068531036377,
    1.946180820465088,
    1.7149467468261719,
    1.6635446548461914,
    1.5908851623535156,
    1.329561471939087,
    1.1883118152618408,
    1.0094705820083618,
    0.9327030777931213,
    0.7683466076850891,
    0.6908528208732605,
    0.7169423699378967,
    0.7544386982917786,
    0.5115552544593811,
    0.4884612262248993,
    0.358639657497406,
    0.3569631576538086,
    0.2418602705001831,
    0.1539124846458435,
    0.17679382860660553,
    0.1342586725950241,
    0.12164763361215591,
    0.08442718535661697
  ],
  "val_loss": [
    2.3009626865386963,
    2.239666223526001,
    1.971613883972168,
    1.7254985570907593,
    1.764770269393921,
    1.7841836214065552,
    1.5023161172866821,
    1.3421573638916016,
    1.1466789245605469,
    1.3259189128875732,
    0.9870924949645996,
    0.9662496447563171,
    1.0396461486816406,
    1.0766164064407349,
    0.912195086479187,
    0.736372709274292,
    0.8764293193817139,
    0.838776171207428,
    0.7456303834915161,
    0.6950917840003967,
    0.699839174747467,
    0.7150694131851196,
    0.7889295816421509,
    0.7518845796585083,
    0.7758082151412964
  ],
  "epochs_trained": 25,
  "best_val_accuracy": 0.8238095045089722,
  "best_epoch": 25
}